{"politics": ["government", "governments", "trump", "trumps", "trumped", "minister", "ministers", "ministry", "ministries", "president", "presidents", "presidential", "presidency", "elections", "election", "elected", "elect", "electing", "elects", "electoral", "political", "politics", "politic", "politician", "politicians", "politically", "brexit", "pis", "tvp", "opposition", "kaczyński", "coalition", "coalitions", "parliament", "parliaments", "parliamentary", "senate", "senator", "senators", "constitution", "constitutional", "constituency", "constituencies", "tusk", "leftist", "leftists", "democracy", "democracies", "democratic", "democrats", "democrat", "psl", "poll", "polls", "polling", "prosecutor", "prosecutors", "prosecute", "prosecuted", "prosecuting", "prosecutions", "prosecution", "attorney", "attorneys"], "swear": ["fuck", "fucked", "fucks", "fucking", "bitch", "bitches"], "school": ["student", "students", "school", "schools", "schooling", "study", "studying", "studies", "studied", "teachers", "teacher", "teach", "taught", "teaching", "teaches", "learn", "learning", "learned", "learnt", "learns", "class", "classes", "classmate", "classmates", "exams", "exam", "education", "educated", "educate", "educating", "educational", "grade", "grades", "grading", "math", "maths"], "religion": ["church", "churches", "priests", "priest", "religion", "religions", "religious", "catholic", "catholics"], "family": ["family", "families", "mom", "moms", "mommy", "grandmother", "mother", "mothers", "father", "fathers", "dad", "dads", "daddy", "daddies", "brothers", "brother", "brethren", "sister", "sisters", "wife", "wives", "spouse", "spouses", "parents", "parent", "grandparents", "son", "sons", "daughter", "daughters"], "friend": ["friends", "friend", "girlfriend", "girlfriends", "boyfriends", "boyfriend", "friendship", "friendships", "colleagues", "colleague"], "boygirl": ["boys", "boy", "guys", "guy", "girl", "girls", "girlfriend", "girlfriends", "boyfriends", "boyfriend"], "love": ["love", "loves", "loved", "loving", "lovely", "lovelies", "loveliest", "lover", "lovers", "beloved", "heartbroken", "heartbreaking", "sweetheart", "sweethearts", "heart", "hearts", "relationship", "relationships", "feelings"], "pedophile": ["pedophile", "pedophiles", "pedophilia"], "sex": ["sex", "sexes", "sexual", "sexually"], "culture": ["book", "books", "booking", "booked", "movies", "movie", "art", "arts", "album", "albums", "film", "films", "filming", "filmed", "song", "songs", "songwriter", "concerts", "concert", "concerted", "series", "cultural", "culture", "cultures", "musical", "musicals", "music", "musician", "musicians", "sing", "sings", "sang", "sung"], "pet": ["dogs", "dog", "doggos", "doggo", "pets", "pet", "petting", "animals", "animal", "cats", "cat", "kitty", "kitties"], "police": ["police", "policing", "policemen", "policeman"], "lgbtq": ["lgbt", "lgbtq", "lgbti", "gays", "gay", "gayest"], "alcohol": ["wine", "wines", "beer", "beers"], "period": ["period", "periods"], "illness": ["illness", "illnesses", "diseases", "disease", "ill", "sick"], "protest": ["march", "marched", "marching", "strike", "striking", "struck", "strikes", "protesters", "protester", "protesting", "protest", "protests", "protested"], "jewish": ["jew", "jews", "jewish"], "bialystok": ["białystok", "bialystok"]}