﻿"COUNTRY","Country","SERIES","Series","TIME","Time","Unit Code","Unit","PowerCode Code","PowerCode","Reference Period Code","Reference Period","Value","Flag Codes","Flags"
"CZE","Czech Republic","CPNCU","Current prices in NCU","2000","2000","CZK","Czech Koruna","0","Units",,,168682.779583323,,
"CZE","Czech Republic","CPNCU","Current prices in NCU","2001","2001","CZK","Czech Koruna","0","Units",,,183378.906780254,,
"CZE","Czech Republic","CPNCU","Current prices in NCU","2002","2002","CZK","Czech Koruna","0","Units",,,197166.254891958,,
"CZE","Czech Republic","CPNCU","Current prices in NCU","2003","2003","CZK","Czech Koruna","0","Units",,,212259.865366347,,
"CZE","Czech Republic","CPNCU","Current prices in NCU","2004","2004","CZK","Czech Koruna","0","Units",,,229588.693623659,,
"CZE","Czech Republic","CPNCU","Current prices in NCU","2005","2005","CZK","Czech Koruna","0","Units",,,239061.157181205,,
"CZE","Czech Republic","CPNCU","Current prices in NCU","2006","2006","CZK","Czech Koruna","0","Units",,,253033.948884383,,
"CZE","Czech Republic","CPNCU","Current prices in NCU","2007","2007","CZK","Czech Koruna","0","Units",,,268189.689996771,,
"CZE","Czech Republic","CPNCU","Current prices in NCU","2008","2008","CZK","Czech Koruna","0","Units",,,281045.037472081,,
"CZE","Czech Republic","CPNCU","Current prices in NCU","2009","2009","CZK","Czech Koruna","0","Units",,,282841.215858907,,
"CZE","Czech Republic","CPNCU","Current prices in NCU","2010","2010","CZK","Czech Koruna","0","Units",,,291436.339527087,,
"CZE","Czech Republic","CPNCU","Current prices in NCU","2011","2011","CZK","Czech Koruna","0","Units",,,298542.901967664,,
"CZE","Czech Republic","CPNCU","Current prices in NCU","2012","2012","CZK","Czech Koruna","0","Units",,,304941.319919148,,
"CZE","Czech Republic","CPNCU","Current prices in NCU","2013","2013","CZK","Czech Koruna","0","Units",,,304278.026949148,,
"CZE","Czech Republic","CPNCU","Current prices in NCU","2014","2014","CZK","Czech Koruna","0","Units",,,312493.400448066,,
"CZE","Czech Republic","CPNCU","Current prices in NCU","2015","2015","CZK","Czech Koruna","0","Units",,,321338.224911115,,
"CZE","Czech Republic","CPNCU","Current prices in NCU","2016","2016","CZK","Czech Koruna","0","Units",,,334087.897697886,,
"CZE","Czech Republic","CPNCU","Current prices in NCU","2017","2017","CZK","Czech Koruna","0","Units",,,356164.560107298,,
"CZE","Czech Republic","CPNCU","Current prices in NCU","2018","2018","CZK","Czech Koruna","0","Units",,,381648.139457041,,
"HUN","Hungary","CPNCU","Current prices in NCU","2000","2000","HUF","Forint","0","Units",,,1258705.34466289,,
"HUN","Hungary","CPNCU","Current prices in NCU","2001","2001","HUF","Forint","0","Units",,,1479816.16353451,,
"HUN","Hungary","CPNCU","Current prices in NCU","2002","2002","HUF","Forint","0","Units",,,1648483.89450672,,
"HUN","Hungary","CPNCU","Current prices in NCU","2003","2003","HUF","Forint","0","Units",,,1881537.59331164,,
"HUN","Hungary","CPNCU","Current prices in NCU","2004","2004","HUF","Forint","0","Units",,,2104214.02617795,,
"HUN","Hungary","CPNCU","Current prices in NCU","2005","2005","HUF","Forint","0","Units",,,2266794.73710466,,
"HUN","Hungary","CPNCU","Current prices in NCU","2006","2006","HUF","Forint","0","Units",,,2384026.20640296,,
"HUN","Hungary","CPNCU","Current prices in NCU","2007","2007","HUF","Forint","0","Units",,,2502598.27553324,,
"HUN","Hungary","CPNCU","Current prices in NCU","2008","2008","HUF","Forint","0","Units",,,2674938.69578862,,
"HUN","Hungary","CPNCU","Current prices in NCU","2009","2009","HUF","Forint","0","Units",,,2680368.74720033,,
"HUN","Hungary","CPNCU","Current prices in NCU","2010","2010","HUF","Forint","0","Units",,,2812096.83713917,,
"HUN","Hungary","CPNCU","Current prices in NCU","2011","2011","HUF","Forint","0","Units",,,2915503.63074181,,
"HUN","Hungary","CPNCU","Current prices in NCU","2012","2012","HUF","Forint","0","Units",,,2987223.71094065,,
"HUN","Hungary","CPNCU","Current prices in NCU","2013","2013","HUF","Forint","0","Units",,,3048872.35550999,,
"HUN","Hungary","CPNCU","Current prices in NCU","2014","2014","HUF","Forint","0","Units",,,3048051.12555155,,
"HUN","Hungary","CPNCU","Current prices in NCU","2015","2015","HUF","Forint","0","Units",,,2959028.01151387,,
"HUN","Hungary","CPNCU","Current prices in NCU","2016","2016","HUF","Forint","0","Units",,,3090042.36479033,,
"HUN","Hungary","CPNCU","Current prices in NCU","2017","2017","HUF","Forint","0","Units",,,3382209.30189783,,
"HUN","Hungary","CPNCU","Current prices in NCU","2018","2018","HUF","Forint","0","Units",,,3795606.0271691,,
"POL","Poland","CPNCU","Current prices in NCU","2000","2000","PLN","Zloty","0","Units",,,26451.7329168081,,
"POL","Poland","CPNCU","Current prices in NCU","2001","2001","PLN","Zloty","0","Units",,,29098.1676659001,,
"POL","Poland","CPNCU","Current prices in NCU","2002","2002","PLN","Zloty","0","Units",,,29965.6387424638,,
"POL","Poland","CPNCU","Current prices in NCU","2003","2003","PLN","Zloty","0","Units",,,30497.3704488194,,
"POL","Poland","CPNCU","Current prices in NCU","2004","2004","PLN","Zloty","0","Units",,,31270.3487946163,,
"POL","Poland","CPNCU","Current prices in NCU","2005","2005","PLN","Zloty","0","Units",,,31857.0421748966,,
"POL","Poland","CPNCU","Current prices in NCU","2006","2006","PLN","Zloty","0","Units",,,32545.2700067211,,
"POL","Poland","CPNCU","Current prices in NCU","2007","2007","PLN","Zloty","0","Units",,,34331.0180870637,,
"POL","Poland","CPNCU","Current prices in NCU","2008","2008","PLN","Zloty","0","Units",,,37635.982578591,,
"POL","Poland","CPNCU","Current prices in NCU","2009","2009","PLN","Zloty","0","Units",,,38559.5911783329,,
"POL","Poland","CPNCU","Current prices in NCU","2010","2010","PLN","Zloty","0","Units",,,40643.5838525605,,
"POL","Poland","CPNCU","Current prices in NCU","2011","2011","PLN","Zloty","0","Units",,,42650.021939519,,
"POL","Poland","CPNCU","Current prices in NCU","2012","2012","PLN","Zloty","0","Units",,,43675.1096237796,,
"POL","Poland","CPNCU","Current prices in NCU","2013","2013","PLN","Zloty","0","Units",,,44350.6863729063,,
"POL","Poland","CPNCU","Current prices in NCU","2014","2014","PLN","Zloty","0","Units",,,45198.2490156642,,
"POL","Poland","CPNCU","Current prices in NCU","2015","2015","PLN","Zloty","0","Units",,,45665.2314448165,,
"POL","Poland","CPNCU","Current prices in NCU","2016","2016","PLN","Zloty","0","Units",,,47737.7117716367,,
"POL","Poland","CPNCU","Current prices in NCU","2017","2017","PLN","Zloty","0","Units",,,50808.1137587741,,
"POL","Poland","CPNCU","Current prices in NCU","2018","2018","PLN","Zloty","0","Units",,,55509.2290146372,,
"SVK","Slovak Republic","CPNCU","Current prices in NCU","2000","2000","EUR","Euro","0","Units",,,5404.54201581694,,
"SVK","Slovak Republic","CPNCU","Current prices in NCU","2001","2001","EUR","Euro","0","Units",,,5701.99697444143,,
"SVK","Slovak Republic","CPNCU","Current prices in NCU","2002","2002","EUR","Euro","0","Units",,,6177.76817390989,,
"SVK","Slovak Republic","CPNCU","Current prices in NCU","2003","2003","EUR","Euro","0","Units",,,6730.41340450596,,
"SVK","Slovak Republic","CPNCU","Current prices in NCU","2004","2004","EUR","Euro","0","Units",,,7334.4020351124,,
"SVK","Slovak Republic","CPNCU","Current prices in NCU","2005","2005","EUR","Euro","0","Units",,,8024.32497528846,,
"SVK","Slovak Republic","CPNCU","Current prices in NCU","2006","2006","EUR","Euro","0","Units",,,8694.42586604697,,
"SVK","Slovak Republic","CPNCU","Current prices in NCU","2007","2007","EUR","Euro","0","Units",,,9468.58835621663,,
"SVK","Slovak Republic","CPNCU","Current prices in NCU","2008","2008","EUR","Euro","0","Units",,,9991.22400776893,,
"SVK","Slovak Republic","CPNCU","Current prices in NCU","2009","2009","EUR","Euro","0","Units",,,10333.653602967,,
"SVK","Slovak Republic","CPNCU","Current prices in NCU","2010","2010","EUR","Euro","0","Units",,,10897.0702340092,,
"SVK","Slovak Republic","CPNCU","Current prices in NCU","2011","2011","EUR","Euro","0","Units",,,11218.3806092762,,
"SVK","Slovak Republic","CPNCU","Current prices in NCU","2012","2012","EUR","Euro","0","Units",,,11475.1042644652,,
"SVK","Slovak Republic","CPNCU","Current prices in NCU","2013","2013","EUR","Euro","0","Units",,,11715.8591857049,,
"SVK","Slovak Republic","CPNCU","Current prices in NCU","2014","2014","EUR","Euro","0","Units",,,11932.3167423984,,
"SVK","Slovak Republic","CPNCU","Current prices in NCU","2015","2015","EUR","Euro","0","Units",,,12359.8091228678,,
"SVK","Slovak Republic","CPNCU","Current prices in NCU","2016","2016","EUR","Euro","0","Units",,,12694.9857457055,,
"SVK","Slovak Republic","CPNCU","Current prices in NCU","2017","2017","EUR","Euro","0","Units",,,13230.444013151,,
"SVK","Slovak Republic","CPNCU","Current prices in NCU","2018","2018","EUR","Euro","0","Units",,,13885.6235038829,,
"EST","Estonia","CPNCU","Current prices in NCU","2000","2000","EUR","Euro","0","Units",,,4107.71880599151,,
"EST","Estonia","CPNCU","Current prices in NCU","2001","2001","EUR","Euro","0","Units",,,4522.69123286384,,
"EST","Estonia","CPNCU","Current prices in NCU","2002","2002","EUR","Euro","0","Units",,,4979.85335314184,,
"EST","Estonia","CPNCU","Current prices in NCU","2003","2003","EUR","Euro","0","Units",,,5545.40801107575,,
"EST","Estonia","CPNCU","Current prices in NCU","2004","2004","EUR","Euro","0","Units",,,6200.44802759577,,
"EST","Estonia","CPNCU","Current prices in NCU","2005","2005","EUR","Euro","0","Units",,,6860.80181324017,,
"EST","Estonia","CPNCU","Current prices in NCU","2006","2006","EUR","Euro","0","Units",,,7880.47486718405,,
"EST","Estonia","CPNCU","Current prices in NCU","2007","2007","EUR","Euro","0","Units",,,9866.76610794297,,
"EST","Estonia","CPNCU","Current prices in NCU","2008","2008","EUR","Euro","0","Units",,,10818.0407066194,,
"EST","Estonia","CPNCU","Current prices in NCU","2009","2009","EUR","Euro","0","Units",,,10422.8947018656,,
"EST","Estonia","CPNCU","Current prices in NCU","2010","2010","EUR","Euro","0","Units",,,10774.0109042171,,
"EST","Estonia","CPNCU","Current prices in NCU","2011","2011","EUR","Euro","0","Units",,,10900.0696854109,,
"EST","Estonia","CPNCU","Current prices in NCU","2012","2012","EUR","Euro","0","Units",,,11786.8848563355,,
"EST","Estonia","CPNCU","Current prices in NCU","2013","2013","EUR","Euro","0","Units",,,12307.8004251649,,
"EST","Estonia","CPNCU","Current prices in NCU","2014","2014","EUR","Euro","0","Units",,,13063.6036265616,,
"EST","Estonia","CPNCU","Current prices in NCU","2015","2015","EUR","Euro","0","Units",,,13550.2677006207,,
"EST","Estonia","CPNCU","Current prices in NCU","2016","2016","EUR","Euro","0","Units",,,14428.1920963801,,
"EST","Estonia","CPNCU","Current prices in NCU","2017","2017","EUR","Euro","0","Units",,,15347.4988949194,,
"EST","Estonia","CPNCU","Current prices in NCU","2018","2018","EUR","Euro","0","Units",,,16795.3909845167,,
"LVA","Latvia","CPNCU","Current prices in NCU","2000","2000","EUR","Euro","0","Units",,,3060.19424063434,,
"LVA","Latvia","CPNCU","Current prices in NCU","2001","2001","EUR","Euro","0","Units",,,3237.10412767862,,
"LVA","Latvia","CPNCU","Current prices in NCU","2002","2002","EUR","Euro","0","Units",,,3310.40120691303,,
"LVA","Latvia","CPNCU","Current prices in NCU","2003","2003","EUR","Euro","0","Units",,,3737.30033799884,,
"LVA","Latvia","CPNCU","Current prices in NCU","2004","2004","EUR","Euro","0","Units",,,4328.65362355577,,
"LVA","Latvia","CPNCU","Current prices in NCU","2005","2005","EUR","Euro","0","Units",,,5527.62263704598,,
"LVA","Latvia","CPNCU","Current prices in NCU","2006","2006","EUR","Euro","0","Units",,,6714.15191334635,,
"LVA","Latvia","CPNCU","Current prices in NCU","2007","2007","EUR","Euro","0","Units",,,9250.06997214909,,
"LVA","Latvia","CPNCU","Current prices in NCU","2008","2008","EUR","Euro","0","Units",,,10833.4357163305,,
"LVA","Latvia","CPNCU","Current prices in NCU","2009","2009","EUR","Euro","0","Units",,,9417.06179130631,,
"LVA","Latvia","CPNCU","Current prices in NCU","2010","2010","EUR","Euro","0","Units",,,8823.19217811378,,
"LVA","Latvia","CPNCU","Current prices in NCU","2011","2011","EUR","Euro","0","Units",,,9038.56236849949,,
"LVA","Latvia","CPNCU","Current prices in NCU","2012","2012","EUR","Euro","0","Units",,,9731.48230597838,,
"LVA","Latvia","CPNCU","Current prices in NCU","2013","2013","EUR","Euro","0","Units",,,10224.9234910989,,
"LVA","Latvia","CPNCU","Current prices in NCU","2014","2014","EUR","Euro","0","Units",,,11087.5493151293,,
"LVA","Latvia","CPNCU","Current prices in NCU","2015","2015","EUR","Euro","0","Units",,,11975.9761283002,,
"LVA","Latvia","CPNCU","Current prices in NCU","2016","2016","EUR","Euro","0","Units",,,12807.4163354551,,
"LVA","Latvia","CPNCU","Current prices in NCU","2017","2017","EUR","Euro","0","Units",,,13786.8516058964,,
"LVA","Latvia","CPNCU","Current prices in NCU","2018","2018","EUR","Euro","0","Units",,,14718.8185865352,,
"LTU","Lithuania","CPNCU","Current prices in NCU","2000","2000","EUR","Euro","0","Units",,,3805.7929315602,,
"LTU","Lithuania","CPNCU","Current prices in NCU","2001","2001","EUR","Euro","0","Units",,,4120.1888690231,,
"LTU","Lithuania","CPNCU","Current prices in NCU","2002","2002","EUR","Euro","0","Units",,,4382.2748552982,,
"LTU","Lithuania","CPNCU","Current prices in NCU","2003","2003","EUR","Euro","0","Units",,,4777.47995508537,,
"LTU","Lithuania","CPNCU","Current prices in NCU","2004","2004","EUR","Euro","0","Units",,,5274.01541368483,,
"LTU","Lithuania","CPNCU","Current prices in NCU","2005","2005","EUR","Euro","0","Units",,,5964.2027966401,,
"LTU","Lithuania","CPNCU","Current prices in NCU","2006","2006","EUR","Euro","0","Units",,,7147.29100706579,,
"LTU","Lithuania","CPNCU","Current prices in NCU","2007","2007","EUR","Euro","0","Units",,,8060.90574823488,,
"LTU","Lithuania","CPNCU","Current prices in NCU","2008","2008","EUR","Euro","0","Units",,,9077.59215118192,,
"LTU","Lithuania","CPNCU","Current prices in NCU","2009","2009","EUR","Euro","0","Units",,,8270.95481699282,,
"LTU","Lithuania","CPNCU","Current prices in NCU","2010","2010","EUR","Euro","0","Units",,,8406.32272110821,,
"LTU","Lithuania","CPNCU","Current prices in NCU","2011","2011","EUR","Euro","0","Units",,,8999.47933764914,,
"LTU","Lithuania","CPNCU","Current prices in NCU","2012","2012","EUR","Euro","0","Units",,,9422.63141526412,,
"LTU","Lithuania","CPNCU","Current prices in NCU","2013","2013","EUR","Euro","0","Units",,,9903.77748151482,,
"LTU","Lithuania","CPNCU","Current prices in NCU","2014","2014","EUR","Euro","0","Units",,,10349.5740936684,,
"LTU","Lithuania","CPNCU","Current prices in NCU","2015","2015","EUR","Euro","0","Units",,,10917.9332049361,,
"LTU","Lithuania","CPNCU","Current prices in NCU","2016","2016","EUR","Euro","0","Units",,,11592.8554407759,,
"LTU","Lithuania","CPNCU","Current prices in NCU","2017","2017","EUR","Euro","0","Units",,,12617.3652807003,,
"LTU","Lithuania","CPNCU","Current prices in NCU","2018","2018","EUR","Euro","0","Units",,,13546.0101861484,,
