﻿"COUNTRY","Country","SEX","Sex","SERIES","Series","TIME","Time","Unit Code","Unit","PowerCode Code","PowerCode","Reference Period Code","Reference Period","Value","Flag Codes","Flags"
"CZE","Czech Republic","MW","All persons","P95","Decile 9/Decile 5","2001","2001",,,"0","Units",,,1.77916003581558,,
"CZE","Czech Republic","MW","All persons","P95","Decile 9/Decile 5","2002","2002",,,"0","Units",,,1.79050858203823,,
"CZE","Czech Republic","MW","All persons","P95","Decile 9/Decile 5","2003","2003",,,"0","Units",,,1.7960076006454,,
"CZE","Czech Republic","MW","All persons","P95","Decile 9/Decile 5","2004","2004",,,"0","Units",,,1.7862267733087,,
"CZE","Czech Republic","MW","All persons","P95","Decile 9/Decile 5","2005","2005",,,"0","Units",,,1.81429049290332,,
"CZE","Czech Republic","MW","All persons","P95","Decile 9/Decile 5","2006","2006",,,"0","Units",,,1.83408835001975,,
"CZE","Czech Republic","MW","All persons","P95","Decile 9/Decile 5","2007","2007",,,"0","Units",,,1.84035098290192,,
"CZE","Czech Republic","MW","All persons","P95","Decile 9/Decile 5","2008","2008",,,"0","Units",,,1.85176444515729,,
"CZE","Czech Republic","MW","All persons","P95","Decile 9/Decile 5","2009","2009",,,"0","Units",,,1.87462296748248,,
"CZE","Czech Republic","MW","All persons","P95","Decile 9/Decile 5","2010","2010",,,"0","Units",,,1.86689494971962,,
"CZE","Czech Republic","MW","All persons","P95","Decile 9/Decile 5","2011","2011",,,"0","Units",,,1.86670322751761,,
"CZE","Czech Republic","MW","All persons","P95","Decile 9/Decile 5","2012","2012",,,"0","Units",,,1.85452561712961,,
"CZE","Czech Republic","MW","All persons","P95","Decile 9/Decile 5","2013","2013",,,"0","Units",,,1.85857360998832,,
"CZE","Czech Republic","MW","All persons","P95","Decile 9/Decile 5","2014","2014",,,"0","Units",,,1.84564874803012,,
"POL","Poland","MW","All persons","P51","Decile 5/Decile 1","2001","2001",,,"0","Units",,,1.8937367423542,,
"POL","Poland","MW","All persons","P51","Decile 5/Decile 1","2002","2002",,,"0","Units",,,1.98667199817945,,
"POL","Poland","MW","All persons","P51","Decile 5/Decile 1","2004","2004",,,"0","Units",,,1.98498470375226,,
"POL","Poland","MW","All persons","P51","Decile 5/Decile 1","2006","2006",,,"0","Units",,,2.04717153372347,,
"POL","Poland","MW","All persons","P51","Decile 5/Decile 1","2008","2008",,,"0","Units",,,2.01985797150247,,
"POL","Poland","MW","All persons","P51","Decile 5/Decile 1","2010","2010",,,"0","Units",,,1.96576722797051,,
"POL","Poland","MW","All persons","P51","Decile 5/Decile 1","2012","2012",,,"0","Units",,,1.94694375,,
"POL","Poland","MW","All persons","P51","Decile 5/Decile 1","2014","2014",,,"0","Units",,,1.91592549476135,,
"LTU","Lithuania","MW","All persons","P91","Decile 9/Decile 1","2002","2002",,,"0","Units",,,4.50773075121037,,
"LTU","Lithuania","MW","All persons","P91","Decile 9/Decile 1","2006","2006",,,"0","Units",,,4.57837837837837,,
"LTU","Lithuania","MW","All persons","P91","Decile 9/Decile 1","2010","2010",,,"0","Units",,,4.3063829787234,,
"LTU","Lithuania","MW","All persons","P91","Decile 9/Decile 1","2014","2014",,,"0","Units",,,3.78369905956112,,
"EST","Estonia","MW","All persons","P91","Decile 9/Decile 1","2002","2002",,,"0","Units",,,5.10646514415074,,
"EST","Estonia","MW","All persons","P91","Decile 9/Decile 1","2006","2006",,,"0","Units",,,4.38910505836576,,
"EST","Estonia","MW","All persons","P91","Decile 9/Decile 1","2010","2010",,,"0","Units",,,4.05337078651685,,
"EST","Estonia","MW","All persons","P91","Decile 9/Decile 1","2014","2014",,,"0","Units",,,3.78496868475991,,
"POL","Poland","MW","All persons","P95","Decile 9/Decile 5","2001","2001",,,"0","Units",,,1.92304946861492,,
"POL","Poland","MW","All persons","P95","Decile 9/Decile 5","2002","2002",,,"0","Units",,,1.95999643913695,,
"POL","Poland","MW","All persons","P95","Decile 9/Decile 5","2004","2004",,,"0","Units",,,2.07092120506812,,
"POL","Poland","MW","All persons","P95","Decile 9/Decile 5","2006","2006",,,"0","Units",,,2.10859310092329,,
"POL","Poland","MW","All persons","P95","Decile 9/Decile 5","2008","2008",,,"0","Units",,,2.03686669116616,,
"POL","Poland","MW","All persons","P95","Decile 9/Decile 5","2010","2010",,,"0","Units",,,2.01276326381769,,
"POL","Poland","MW","All persons","P95","Decile 9/Decile 5","2012","2012",,,"0","Units",,,2.10637505577652,,
"POL","Poland","MW","All persons","P95","Decile 9/Decile 5","2014","2014",,,"0","Units",,,2.10150506142984,,
"ROU","Romania","MW","All persons","P51","Decile 5/Decile 1","2002","2002",,,"0","Units",,,2.338492808005,,
"ROU","Romania","MW","All persons","P51","Decile 5/Decile 1","2006","2006",,,"0","Units",,,2.25225225225225,,
"ROU","Romania","MW","All persons","P51","Decile 5/Decile 1","2010","2010",,,"0","Units",,,1.953216374269,,
"ROU","Romania","MW","All persons","P51","Decile 5/Decile 1","2014","2014",,,"0","Units",,,1.89655172413793,,
"HUN","Hungary","MW","All persons","P91","Decile 9/Decile 1","2000","2000",,,"0","Units",,,4.65932352941176,,
"HUN","Hungary","MW","All persons","P91","Decile 9/Decile 1","2001","2001",,,"0","Units",,,4.12305238337417,,
"HUN","Hungary","MW","All persons","P91","Decile 9/Decile 1","2002","2002",,,"0","Units",,,4.07316,,
"HUN","Hungary","MW","All persons","P91","Decile 9/Decile 1","2003","2003",,,"0","Units",,,4.3776,,
"HUN","Hungary","MW","All persons","P91","Decile 9/Decile 1","2004","2004",,,"0","Units",,,4.60960560911481,,
"HUN","Hungary","MW","All persons","P91","Decile 9/Decile 1","2005","2005",,,"0","Units",,,4.46301620904294,,
"HUN","Hungary","MW","All persons","P91","Decile 9/Decile 1","2006","2006",,,"0","Units",,,4.5574419501201,,
"HUN","Hungary","MW","All persons","P91","Decile 9/Decile 1","2007","2007",,,"0","Units",,,4.19663705583756,,
"HUN","Hungary","MW","All persons","P91","Decile 9/Decile 1","2008","2008",,,"0","Units",,,4.10543453070684,,
"HUN","Hungary","MW","All persons","P91","Decile 9/Decile 1","2009","2009",,,"0","Units",,,4.28108045977011,,
"HUN","Hungary","MW","All persons","P91","Decile 9/Decile 1","2010","2010",,,"0","Units",,,4.25404444444444,,
"HUN","Hungary","MW","All persons","P91","Decile 9/Decile 1","2011","2011",,,"0","Units",,,4.09981914893617,,
"HUN","Hungary","MW","All persons","P91","Decile 9/Decile 1","2012","2012",,,"0","Units",,,3.76394444444444,,
"HUN","Hungary","MW","All persons","P91","Decile 9/Decile 1","2013","2013",,,"0","Units",,,3.69341228070175,,
"HUN","Hungary","MW","All persons","P91","Decile 9/Decile 1","2014","2014",,,"0","Units",,,3.67327966101695,,
"LVA","Latvia","MW","All persons","P95","Decile 9/Decile 5","2002","2002",,,"0","Units",,,2.66915683704674,,
"LVA","Latvia","MW","All persons","P95","Decile 9/Decile 5","2006","2006",,,"0","Units",,,2.44886363636363,,
"LVA","Latvia","MW","All persons","P95","Decile 9/Decile 5","2010","2010",,,"0","Units",,,2.22988505747126,,
"LVA","Latvia","MW","All persons","P95","Decile 9/Decile 5","2014","2014",,,"0","Units",,,2.15384615384615,,
"HUN","Hungary","MW","All persons","P51","Decile 5/Decile 1","2000","2000",,,"0","Units",,,2.05511764705882,,
"HUN","Hungary","MW","All persons","P51","Decile 5/Decile 1","2001","2001",,,"0","Units",,,1.84800499329604,,
"HUN","Hungary","MW","All persons","P51","Decile 5/Decile 1","2002","2002",,,"0","Units",,,1.75492,,
"HUN","Hungary","MW","All persons","P51","Decile 5/Decile 1","2003","2003",,,"0","Units",,,1.94523636363636,,
"HUN","Hungary","MW","All persons","P51","Decile 5/Decile 1","2004","2004",,,"0","Units",,,1.96546888694128,,
"HUN","Hungary","MW","All persons","P51","Decile 5/Decile 1","2005","2005",,,"0","Units",,,1.94386868463459,,
"HUN","Hungary","MW","All persons","P51","Decile 5/Decile 1","2006","2006",,,"0","Units",,,1.94404080543282,,
"HUN","Hungary","MW","All persons","P51","Decile 5/Decile 1","2007","2007",,,"0","Units",,,1.7782614213198,,
"HUN","Hungary","MW","All persons","P51","Decile 5/Decile 1","2008","2008",,,"0","Units",,,1.73812282734647,,
"HUN","Hungary","MW","All persons","P51","Decile 5/Decile 1","2009","2009",,,"0","Units",,,1.76122988505747,,
"HUN","Hungary","MW","All persons","P51","Decile 5/Decile 1","2010","2010",,,"0","Units",,,1.78248888888889,,
"HUN","Hungary","MW","All persons","P51","Decile 5/Decile 1","2011","2011",,,"0","Units",,,1.73156382978723,,
"HUN","Hungary","MW","All persons","P51","Decile 5/Decile 1","2012","2012",,,"0","Units",,,1.59772222222222,,
"HUN","Hungary","MW","All persons","P51","Decile 5/Decile 1","2013","2013",,,"0","Units",,,1.59604385964912,,
"HUN","Hungary","MW","All persons","P51","Decile 5/Decile 1","2014","2014",,,"0","Units",,,1.60607627118644,,
"LVA","Latvia","MW","All persons","P51","Decile 5/Decile 1","2002","2002",,,"0","Units",,,2.21673445671121,,
"LVA","Latvia","MW","All persons","P51","Decile 5/Decile 1","2006","2006",,,"0","Units",,,2.44444444444444,,
"LVA","Latvia","MW","All persons","P51","Decile 5/Decile 1","2010","2010",,,"0","Units",,,2.0076923076923,,
"LVA","Latvia","MW","All persons","P51","Decile 5/Decile 1","2014","2014",,,"0","Units",,,1.85714285714285,,
"SVK","Slovak Republic","MW","All persons","P91","Decile 9/Decile 1","2002","2002",,,"0","Units",,,3.24872231686542,,
"SVK","Slovak Republic","MW","All persons","P91","Decile 9/Decile 1","2003","2003",,,"0","Units",,,3.3687448728466,,
"SVK","Slovak Republic","MW","All persons","P91","Decile 9/Decile 1","2004","2004",,,"0","Units",,,3.48704468644386,,
"SVK","Slovak Republic","MW","All persons","P91","Decile 9/Decile 1","2005","2005",,,"0","Units",,,3.40122407344441,,
"SVK","Slovak Republic","MW","All persons","P91","Decile 9/Decile 1","2006","2006",,,"0","Units",,,3.50979090607368,,
"SVK","Slovak Republic","MW","All persons","P91","Decile 9/Decile 1","2007","2007",,,"0","Units",,,3.46311970979444,,
"SVK","Slovak Republic","MW","All persons","P91","Decile 9/Decile 1","2008","2008",,,"0","Units",,,3.53707929264119,,
"SVK","Slovak Republic","MW","All persons","P91","Decile 9/Decile 1","2009","2009",,,"0","Units",,,3.59807065067168,,
"SVK","Slovak Republic","MW","All persons","P91","Decile 9/Decile 1","2010","2010",,,"0","Units",,,3.65340909090909,,
"SVK","Slovak Republic","MW","All persons","P91","Decile 9/Decile 1","2011","2011",,,"0","Units",,,3.64742413919606,,
"SVK","Slovak Republic","MW","All persons","P91","Decile 9/Decile 1","2012","2012",,,"0","Units",,,3.59837539016961,,
"SVK","Slovak Republic","MW","All persons","P91","Decile 9/Decile 1","2013","2013",,,"0","Units",,,3.64931203931204,,
"SVK","Slovak Republic","MW","All persons","P91","Decile 9/Decile 1","2014","2014",,,"0","Units",,,3.66143106457243,,
"BGR","Bulgaria","MW","All persons","P95","Decile 9/Decile 5","2002","2002",,,"0","Units",,,2.18872343985276,,
"BGR","Bulgaria","MW","All persons","P95","Decile 9/Decile 5","2006","2006",,,"0","Units",,,2.49305555555555,,
"BGR","Bulgaria","MW","All persons","P95","Decile 9/Decile 5","2010","2010",,,"0","Units",,,2.34339622641509,,
"BGR","Bulgaria","MW","All persons","P95","Decile 9/Decile 5","2014","2014",,,"0","Units",,,2.48562300319488,,
"BGR","Bulgaria","MW","All persons","P51","Decile 5/Decile 1","2002","2002",,,"0","Units",,,2.1982346450901,,
"BGR","Bulgaria","MW","All persons","P51","Decile 5/Decile 1","2006","2006",,,"0","Units",,,1.6551724137931,,
"BGR","Bulgaria","MW","All persons","P51","Decile 5/Decile 1","2010","2010",,,"0","Units",,,1.75496688741721,,
"BGR","Bulgaria","MW","All persons","P51","Decile 5/Decile 1","2014","2014",,,"0","Units",,,1.69189189189189,,
"HUN","Hungary","MW","All persons","P95","Decile 9/Decile 5","2000","2000",,,"0","Units",,,2.2671809256662,,
"HUN","Hungary","MW","All persons","P95","Decile 9/Decile 5","2001","2001",,,"0","Units",,,2.2310829236562,,
"HUN","Hungary","MW","All persons","P95","Decile 9/Decile 5","2002","2002",,,"0","Units",,,2.3209946892166,,
"HUN","Hungary","MW","All persons","P95","Decile 9/Decile 5","2003","2003",,,"0","Units",,,2.25042060791865,,
"HUN","Hungary","MW","All persons","P95","Decile 9/Decile 5","2004","2004",,,"0","Units",,,2.34529563899046,,
"HUN","Hungary","MW","All persons","P95","Decile 9/Decile 5","2005","2005",,,"0","Units",,,2.29594531992881,,
"HUN","Hungary","MW","All persons","P95","Decile 9/Decile 5","2006","2006",,,"0","Units",,,2.34431393486385,,
"HUN","Hungary","MW","All persons","P95","Decile 9/Decile 5","2007","2007",,,"0","Units",,,2.35996631627024,,
"HUN","Hungary","MW","All persons","P95","Decile 9/Decile 5","2008","2008",,,"0","Units",,,2.36199333333333,,
"HUN","Hungary","MW","All persons","P95","Decile 9/Decile 5","2009","2009",,,"0","Units",,,2.4307334869181,,
"HUN","Hungary","MW","All persons","P95","Decile 9/Decile 5","2010","2010",,,"0","Units",,,2.38657557472697,,
"HUN","Hungary","MW","All persons","P95","Decile 9/Decile 5","2011","2011",,,"0","Units",,,2.36769738337624,,
"HUN","Hungary","MW","All persons","P95","Decile 9/Decile 5","2012","2012",,,"0","Units",,,2.35581904795021,,
"HUN","Hungary","MW","All persons","P95","Decile 9/Decile 5","2013","2013",,,"0","Units",,,2.31410450181095,,
"HUN","Hungary","MW","All persons","P95","Decile 9/Decile 5","2014","2014",,,"0","Units",,,2.28711408475229,,
"ROU","Romania","MW","All persons","P91","Decile 9/Decile 1","2002","2002",,,"0","Units",,,5.52001250781738,,
"ROU","Romania","MW","All persons","P91","Decile 9/Decile 1","2006","2006",,,"0","Units",,,5.46846846846846,,
"ROU","Romania","MW","All persons","P91","Decile 9/Decile 1","2010","2010",,,"0","Units",,,4.74269005847953,,
"ROU","Romania","MW","All persons","P91","Decile 9/Decile 1","2014","2014",,,"0","Units",,,4.67487684729064,,
"SVK","Slovak Republic","MW","All persons","P51","Decile 5/Decile 1","2002","2002",,,"0","Units",,,1.71890971039182,,
"SVK","Slovak Republic","MW","All persons","P51","Decile 5/Decile 1","2003","2003",,,"0","Units",,,1.73338802296965,,
"SVK","Slovak Republic","MW","All persons","P51","Decile 5/Decile 1","2004","2004",,,"0","Units",,,1.74464889222681,,
"SVK","Slovak Republic","MW","All persons","P51","Decile 5/Decile 1","2005","2005",,,"0","Units",,,1.72356341380483,,
"SVK","Slovak Republic","MW","All persons","P51","Decile 5/Decile 1","2006","2006",,,"0","Units",,,1.74975107865914,,
"SVK","Slovak Republic","MW","All persons","P51","Decile 5/Decile 1","2007","2007",,,"0","Units",,,1.7490931076179,,
"SVK","Slovak Republic","MW","All persons","P51","Decile 5/Decile 1","2008","2008",,,"0","Units",,,1.79092983456931,,
"SVK","Slovak Republic","MW","All persons","P51","Decile 5/Decile 1","2009","2009",,,"0","Units",,,1.80059704792968,,
"SVK","Slovak Republic","MW","All persons","P51","Decile 5/Decile 1","2010","2010",,,"0","Units",,,1.80507611492281,,
"SVK","Slovak Republic","MW","All persons","P51","Decile 5/Decile 1","2011","2011",,,"0","Units",,,1.81877260101672,,
"SVK","Slovak Republic","MW","All persons","P51","Decile 5/Decile 1","2012","2012",,,"0","Units",,,1.8179772604766,,
"SVK","Slovak Republic","MW","All persons","P51","Decile 5/Decile 1","2013","2013",,,"0","Units",,,1.82184275184275,,
"SVK","Slovak Republic","MW","All persons","P51","Decile 5/Decile 1","2014","2014",,,"0","Units",,,1.81577661431065,,
"LTU","Lithuania","MW","All persons","P51","Decile 5/Decile 1","2002","2002",,,"0","Units",,,2.05185069498672,,
"LTU","Lithuania","MW","All persons","P51","Decile 5/Decile 1","2006","2006",,,"0","Units",,,2.05945945945945,,
"LTU","Lithuania","MW","All persons","P51","Decile 5/Decile 1","2010","2010",,,"0","Units",,,1.97872340425531,,
"LTU","Lithuania","MW","All persons","P51","Decile 5/Decile 1","2014","2014",,,"0","Units",,,1.78996865203761,,
"CZE","Czech Republic","MW","All persons","P91","Decile 9/Decile 1","2001","2001",,,"0","Units",,,3.22113214021473,,
"CZE","Czech Republic","MW","All persons","P91","Decile 9/Decile 1","2002","2002",,,"0","Units",,,3.27857231435148,,
"CZE","Czech Republic","MW","All persons","P91","Decile 9/Decile 1","2003","2003",,,"0","Units",,,3.33091003138495,,
"CZE","Czech Republic","MW","All persons","P91","Decile 9/Decile 1","2004","2004",,,"0","Units",,,3.36473141575993,,
"CZE","Czech Republic","MW","All persons","P91","Decile 9/Decile 1","2005","2005",,,"0","Units",,,3.44178617018675,,
"CZE","Czech Republic","MW","All persons","P91","Decile 9/Decile 1","2006","2006",,,"0","Units",,,3.45050502732781,,
"CZE","Czech Republic","MW","All persons","P91","Decile 9/Decile 1","2007","2007",,,"0","Units",,,3.45312257435761,,
"CZE","Czech Republic","MW","All persons","P91","Decile 9/Decile 1","2008","2008",,,"0","Units",,,3.50010752085125,,
"CZE","Czech Republic","MW","All persons","P91","Decile 9/Decile 1","2009","2009",,,"0","Units",,,3.54891207924923,,
"CZE","Czech Republic","MW","All persons","P91","Decile 9/Decile 1","2010","2010",,,"0","Units",,,3.56363849274634,,
"CZE","Czech Republic","MW","All persons","P91","Decile 9/Decile 1","2011","2011",,,"0","Units",,,3.51109878953405,,
"CZE","Czech Republic","MW","All persons","P91","Decile 9/Decile 1","2012","2012",,,"0","Units",,,3.48905234348272,,
"CZE","Czech Republic","MW","All persons","P91","Decile 9/Decile 1","2013","2013",,,"0","Units",,,3.51209369430536,,
"CZE","Czech Republic","MW","All persons","P91","Decile 9/Decile 1","2014","2014",,,"0","Units",,,3.52171734046108,,
"EST","Estonia","MW","All persons","P51","Decile 5/Decile 1","2002","2002",,,"0","Units",,,2.21878953325787,,
"EST","Estonia","MW","All persons","P51","Decile 5/Decile 1","2006","2006",,,"0","Units",,,2.05058365758754,,
"EST","Estonia","MW","All persons","P51","Decile 5/Decile 1","2010","2010",,,"0","Units",,,1.96629213483146,,
"EST","Estonia","MW","All persons","P51","Decile 5/Decile 1","2014","2014",,,"0","Units",,,1.92275574112734,,
"POL","Poland","MW","All persons","P91","Decile 9/Decile 1","2001","2001",,,"0","Units",,,3.6417494360808,,
"POL","Poland","MW","All persons","P91","Decile 9/Decile 1","2002","2002",,,"0","Units",,,3.89387004216482,,
"POL","Poland","MW","All persons","P91","Decile 9/Decile 1","2004","2004",,,"0","Units",,,4.11074691473643,,
"POL","Poland","MW","All persons","P91","Decile 9/Decile 1","2006","2006",,,"0","Units",,,4.31665177241585,,
"POL","Poland","MW","All persons","P91","Decile 9/Decile 1","2008","2008",,,"0","Units",,,4.11418142303984,,
"POL","Poland","MW","All persons","P91","Decile 9/Decile 1","2010","2010",,,"0","Units",,,3.9566240616758,,
"POL","Poland","MW","All persons","P91","Decile 9/Decile 1","2012","2012",,,"0","Units",,,4.10099375,,
"POL","Poland","MW","All persons","P91","Decile 9/Decile 1","2014","2014",,,"0","Units",,,4.02632712456345,,
"SVK","Slovak Republic","MW","All persons","P95","Decile 9/Decile 5","2002","2002",,,"0","Units",,,1.88999008919722,,
"SVK","Slovak Republic","MW","All persons","P95","Decile 9/Decile 5","2003","2003",,,"0","Units",,,1.94344533838145,,
"SVK","Slovak Republic","MW","All persons","P95","Decile 9/Decile 5","2004","2004",,,"0","Units",,,1.99870856650882,,
"SVK","Slovak Republic","MW","All persons","P95","Decile 9/Decile 5","2005","2005",,,"0","Units",,,1.97336752811205,,
"SVK","Slovak Republic","MW","All persons","P95","Decile 9/Decile 5","2006","2006",,,"0","Units",,,2.00588012139605,,
"SVK","Slovak Republic","MW","All persons","P95","Decile 9/Decile 5","2007","2007",,,"0","Units",,,1.97995160732803,,
"SVK","Slovak Republic","MW","All persons","P95","Decile 9/Decile 5","2008","2008",,,"0","Units",,,1.97499601847428,,
"SVK","Slovak Republic","MW","All persons","P95","Decile 9/Decile 5","2009","2009",,,"0","Units",,,1.99826532805256,,
"SVK","Slovak Republic","MW","All persons","P95","Decile 9/Decile 5","2010","2010",,,"0","Units",,,2.02396400944307,,
"SVK","Slovak Republic","MW","All persons","P95","Decile 9/Decile 5","2011","2011",,,"0","Units",,,2.0054316505302,,
"SVK","Slovak Republic","MW","All persons","P95","Decile 9/Decile 5","2012","2012",,,"0","Units",,,1.9793291524594,,
"SVK","Slovak Republic","MW","All persons","P95","Decile 9/Decile 5","2013","2013",,,"0","Units",,,2.00308837610757,,
"SVK","Slovak Republic","MW","All persons","P95","Decile 9/Decile 5","2014","2014",,,"0","Units",,,2.01645457690977,,
"BGR","Bulgaria","MW","All persons","P91","Decile 9/Decile 1","2002","2002",,,"0","Units",,,4.81132769400514,,
"BGR","Bulgaria","MW","All persons","P91","Decile 9/Decile 1","2006","2006",,,"0","Units",,,4.12643678160919,,
"BGR","Bulgaria","MW","All persons","P91","Decile 9/Decile 1","2010","2010",,,"0","Units",,,4.11258278145695,,
"BGR","Bulgaria","MW","All persons","P91","Decile 9/Decile 1","2014","2014",,,"0","Units",,,4.2054054054054,,
"EST","Estonia","MW","All persons","P95","Decile 9/Decile 5","2002","2002",,,"0","Units",,,2.30146441003481,,
"EST","Estonia","MW","All persons","P95","Decile 9/Decile 5","2006","2006",,,"0","Units",,,2.1404174573055,,
"EST","Estonia","MW","All persons","P95","Decile 9/Decile 5","2010","2010",,,"0","Units",,,2.06142857142857,,
"EST","Estonia","MW","All persons","P95","Decile 9/Decile 5","2014","2014",,,"0","Units",,,1.96851248642779,,
"LVA","Latvia","MW","All persons","P91","Decile 9/Decile 1","2002","2002",,,"0","Units",,,5.91681193104784,,
"LVA","Latvia","MW","All persons","P91","Decile 9/Decile 1","2006","2006",,,"0","Units",,,5.98611111111111,,
"LVA","Latvia","MW","All persons","P91","Decile 9/Decile 1","2010","2010",,,"0","Units",,,4.47692307692307,,
"LVA","Latvia","MW","All persons","P91","Decile 9/Decile 1","2014","2014",,,"0","Units",,,4,,
"CZE","Czech Republic","MW","All persons","P51","Decile 5/Decile 1","2001","2001",,,"0","Units",,,1.81047914486127,,
"CZE","Czech Republic","MW","All persons","P51","Decile 5/Decile 1","2002","2002",,,"0","Units",,,1.83108438978791,,
"CZE","Czech Republic","MW","All persons","P51","Decile 5/Decile 1","2003","2003",,,"0","Units",,,1.85461911752933,,
"CZE","Czech Republic","MW","All persons","P51","Decile 5/Decile 1","2004","2004",,,"0","Units",,,1.88370898143426,,
"CZE","Czech Republic","MW","All persons","P51","Decile 5/Decile 1","2005","2005",,,"0","Units",,,1.89704249878918,,
"CZE","Czech Republic","MW","All persons","P51","Decile 5/Decile 1","2006","2006",,,"0","Units",,,1.88131887282892,,
"CZE","Czech Republic","MW","All persons","P51","Decile 5/Decile 1","2007","2007",,,"0","Units",,,1.87633913663177,,
"CZE","Czech Republic","MW","All persons","P51","Decile 5/Decile 1","2008","2008",,,"0","Units",,,1.89014727548349,,
"CZE","Czech Republic","MW","All persons","P51","Decile 5/Decile 1","2009","2009",,,"0","Units",,,1.89313378786521,,
"CZE","Czech Republic","MW","All persons","P51","Decile 5/Decile 1","2010","2010",,,"0","Units",,,1.90885860679067,,
"CZE","Czech Republic","MW","All persons","P51","Decile 5/Decile 1","2011","2011",,,"0","Units",,,1.88090894030499,,
"CZE","Czech Republic","MW","All persons","P51","Decile 5/Decile 1","2012","2012",,,"0","Units",,,1.88137187820732,,
"CZE","Czech Republic","MW","All persons","P51","Decile 5/Decile 1","2013","2013",,,"0","Units",,,1.88967156072308,,
"CZE","Czech Republic","MW","All persons","P51","Decile 5/Decile 1","2014","2014",,,"0","Units",,,1.90811894420314,,
"ROU","Romania","MW","All persons","P95","Decile 9/Decile 5","2002","2002",,,"0","Units",,,2.36050010028749,,
"ROU","Romania","MW","All persons","P95","Decile 9/Decile 5","2006","2006",,,"0","Units",,,2.428,,
"ROU","Romania","MW","All persons","P95","Decile 9/Decile 5","2010","2010",,,"0","Units",,,2.42814371257485,,
"ROU","Romania","MW","All persons","P95","Decile 9/Decile 5","2014","2014",,,"0","Units",,,2.46493506493506,,
"LTU","Lithuania","MW","All persons","P95","Decile 9/Decile 5","2002","2002",,,"0","Units",,,2.19690972750799,,
"LTU","Lithuania","MW","All persons","P95","Decile 9/Decile 5","2006","2006",,,"0","Units",,,2.22309711286089,,
"LTU","Lithuania","MW","All persons","P95","Decile 9/Decile 5","2010","2010",,,"0","Units",,,2.1763440860215,,
"LTU","Lithuania","MW","All persons","P95","Decile 9/Decile 5","2014","2014",,,"0","Units",,,2.11383537653239,,
